iata,latitude,longitude
WIB,34.22570038,-99.28379822
HHR,33.922798,-118.334999
SJT,31.35770035,-100.4960022
HHI,21.48349953,-158.0399933
HHH,32.22439957,-80.69750214
HGZ,66.2161026,-155.6690063
SKA,47.61510086,-117.6559982
SKF,29.38419914,-98.58110046
HGR,39.707901,-77.72949982
SKK,64.37110138,-161.223999
HFF,35.036288,-79.497755
HFD,41.73669815,-72.6493988
SKW,61.96530151,-151.1909943
HEZ,31.613738,-91.297313
SLB,42.59730148,-95.24069977
SLC,40.78839874,-111.9779968
SLE,44.90950012,-123.0029984
SLG,36.19189835,-94.48999786
FOB,39.47430038,-123.7959976
HES,45.828223,-119.259024
SLK,44.38529968,-74.20619965
SLN,38.79100037,-97.65219879
SLO,38.64289856,-88.96420288
SLQ,61.70050049,-157.1660004
SLR,33.15980148,-95.62110138
SLT,38.5383,-106.049004
HEE,34.576571,-90.67616
HED,55.80139923,-160.8990021
SME,37.05339813,-84.61589813
SMF,38.69540024,-121.5910034
SMK,63.49010086,-162.1100006
HDN,40.48120117,-107.2180023
SMN,45.12379837,-113.8809967
SMO,34.0158,-118.450996
HDH,21.5795002,-158.1970062
HDE,40.452099,-99.336502
SMU,61.81200027,-147.5070038
SMX,34.89889908,-120.4570007
SNA,33.67570114,-117.8679962
HCW,34.71289825,-79.95700073
HCR,62.18830109,-159.7749939
HCC,42.29130173,-73.71029663
HCA,32.212601,-101.522003
SNK,32.69340134,-100.9499969
SNL,35.35789871,-96.94280243
SNP,57.16730118,-170.2200012
HBR,34.991317,-99.051313
SNS,36.66279984,-121.6060028
HBK,34.94070053,-110.1380005
HBH,57.412201,-133.43848
SNY,41.10129929,-102.9850006
HBG,31.26479912,-89.25279999
HBB,32.7668,-103.209
HAR,40.21709824,-76.85150146
SOL,64.5605,-164.4457
SOP,35.23740005,-79.3911972
HAO,39.36380005,-84.52200317
SOV,59.44240189,-151.7039948
SOW,34.26549912,-110.0059967
HAI,41.95980072,-85.59339905
HAF,37.51340103,-122.5009995
SPA,34.91569901,-81.95649719
HAB,34.11759949,-87.99819946
SPF,44.4803009,-103.7829971
SPG,27.7651,-82.626999
SPI,39.84410095,-89.67790222
GYR,33.42250061,-112.3759995
SPS,33.9888,-98.491898
SPW,43.16550064,-95.20279694
SPZ,36.17639923,-94.11930084
SQA,34.60680008,-120.0759964
GXY,40.43740082,-104.6330032
GWV,39.94869995,-80.7594986
GWS,39.50830078,-107.310997
SQI,41.74280167,-89.67630005
GWO,33.49430084,-90.08470154
SQL,37.51190186,-122.25
SQV,48.09809875,-123.1869965
GVT,33.06779861,-96.06529999
GVL,34.27259827,-83.8302002
GVE,38.15599823,-78.165802
GUY,36.68510056,-101.5080032
SRC,35.21061,-91.737539
SRF,38.06,-122.51
GUP,35.51110077,-108.7890015
GUF,30.29050064,-87.67179871
SRQ,27.39539909,-82.55439758
GUC,38.53390121,-106.9329987
SRV,61.78969955,-156.5890045
SRW,35.645901,-80.520302
GTY,39.84090042,-77.27420044
GTR,33.45029831,-88.59140015
GTP,42.510101,-123.388
SSC,33.97269821,-80.47059631
SSF,29.33699989,-98.47109985
GTG,45.79809952,-92.66439819
SSI,31.1518,-81.391296
GTF,47.48199844,-111.3710022
GST,58.4253006,-135.7070007
SSW,48.67290115,-123.1760025
GSP,34.89569855,-82.21890259
GSO,36.09780121,-79.93730164
STC,45.54660034,-94.05989838
STE,44.54520035,-89.53029633
GSB,35.33940125,-77.96060181
STG,56.57830048,-169.6620026
STJ,39.77190018,-94.90969849
STK,40.61529922,-103.2649994
STL,38.748697,-90.370003
STP,44.93450165,-93.05999756
STQ,41.41249847,-78.50260162
GRR,42.88079834,-85.52279663
STS,38.50899887,-122.8130035
GRN,42.80599976,-102.1750031
SUA,27.18169975,-80.22109985
GRM,47.8382988,-90.38289642
SUD,35.78960037,-96.65570068
SUE,44.84370041,-87.42150116
GRK,31.06719971,-97.8289032
SUM,33.99499893,-80.36129761
SUN,43.50439835,-114.2959976
SUO,43.87630081,-121.4530029
GRI,40.96749878,-98.30960083
GRF,47.07920074,-122.5810013
SUS,38.66210175,-90.65200043
SUU,38.26269913,-121.927002
GRE,38.83620071,-89.37840271
SUW,46.68970108,-92.09470367
SUX,42.402599,-96.384399
SVA,63.68640137,-170.4929962
GRD,34.24869919,-82.15910339
SVC,32.63650131,-108.1559982
SVE,40.3757019,-120.572998
SVH,35.76530075,-80.9539032
GRB,44.48509979,-88.12960052
GQQ,40.7533989,-82.72380066
GPZ,47.21110153,-93.50980377
GPT,30.40730095,-89.07009888
SVN,32.00999832,-81.14569855
GON,41.33010101,-72.04509735
SVS,66.0172,-149.0545
GOL,42.41339874,-124.4240036
GOK,35.84980011,-97.41560364
SVW,61.09740067,-155.5740051
SWD,60.12689972,-149.4190063
SWF,41.504101,-74.104797
GNV,29.69009972,-82.27179718
GNU,59.11740112,-161.5769959
SWO,36.16120148,-97.08570099
GNT,35.16730118,-107.9020004
SWW,32.4673996,-100.4670029
GNG,42.91719818,-114.7649994
GNF,39.943902,-120.945
GMV,37.01670074,-110.2009964
GMU,34.84790039,-82.34999847
GMT,65.40209961,-161.2810059
SXP,62.520599,-164.848006
SXQ,60.47570038,-151.0339966
GLW,37.03179932,-85.9536972
GLV,64.55049896,-163.0070038
SXY,42.30260086,-75.41600037
SYA,52.71229935,174.1139984
SYB,58.3733,-152.2018
GLS,29.26530075,-94.86039734
GLR,45.01350021,-84.70359802
SYI,35.56010056,-86.44249725
SYN,44.4754982,-93.01629639
GLH,33.48289871,-90.98560333
GLE,33.65140152,-97.1969986
SYR,43.11119843,-76.10630035
GLD,39.37060165,-101.6989975
GLB,33.35309982,-110.6669998
SYV,31.55850029,-83.89569855
GKT,35.85779953,-83.52870178
GKN,62.1548996,-145.4570007
GJT,39.12239838,-108.5270004
SZL,38.7303009,-93.54789734
SZN,34.06060028,-119.9150009
SZP,34.34719849,-119.060997
TAD,37.25939941,-104.3410034
TAL,65.17440033,-152.1089935
GIF,28.062901,-81.753304
GHM,35.83739853,-87.44539642
GGW,48.212502,-106.614998
TBC,36.09280014,-111.3830032
GGG,32.38399887,-94.71150208
AAF,29.72750092,-85.02749634
ABE,40.65209961,-75.44080353
ABI,32.41130066,-99.68190002
GGE,33.31169891,-79.31960297
ABL,67.1063,-157.856989
ABQ,35.040199,-106.609001
GFL,43.34120178,-73.61029816
TBN,37.74160004,-92.14070129
ABR,45.44910049,-98.42179871
ABY,31.53549957,-84.19450378
TBR,32.48270035,-81.73690033
GFK,47.949299,-97.176102
GEY,44.51679993,-108.0830002
ACB,44.988602,-85.198402
ACK,41.25310135,-70.06020355
ACT,31.61129951,-97.23049927
ACV,40.978101,-124.109
GEG,47.61989975,-117.5339966
ACY,39.45759964,-74.57720184
TCC,35.18280029,-103.6029968
GED,38.68920135,-75.35890198
ADG,41.86769867,-84.07730103
ADK,51.87799835,-176.6459961
ADM,34.30301,-97.0196342
ADQ,57.75,-152.4940033
GDW,43.97060013,-84.47499847
TCL,33.22060013,-87.61139679
TCM,47.13769913,-122.4759979
ADR,33.4516983,-79.52619934
GDV,47.13869858,-104.8069992
ADS,32.96860123,-96.83640289
ADT,34.804298,-96.671303
TCS,33.23690033,-107.2720032
TCT,62.993206,-156.029026
ADW,38.810799,-76.866997
GDM,42.54999924,-72.01609802
AEL,43.68149948,-93.36720276
GDH,59.74700165,-158.875
AET,66.55180359,-152.621994
AEX,31.32740021,-92.54979706
GDC,34.758301,-82.376404
AFF,38.96969986,-104.8130035
GCY,36.19300079,-82.81510162
GCW,35.99039841,-113.8160019
TDO,46.47719955,-122.8059998
AFN,42.80509949,-72.00299835
GCN,35.95240021,-112.1470032
AFO,42.71120071,-110.9420013
AFW,32.98759842,-97.31880188
TDW,35.16989899,-101.8259964
AGC,40.35440063,-79.93019867
TDZ,41.56489944,-83.4822998
AGN,57.503601,-134.585007
TEB,40.85010147,-74.06079865
GCK,37.92750168,-100.723999
GCD,47.92200089,-119.0830002
GCC,44.34889984,-105.5390015
AGO,33.228001,-93.217002
TEH,63.133888,-142.51944
AGS,33.36989975,-81.96450043
TEK,60.871449,-146.690297
AHC,40.26620102,-120.1529999
GBR,42.18420029,-73.40319824
AHD,34.14699936,-97.12270355
AHF,40.33950043,-99.90650177
AHH,45.28110123,-92.37539673
AHM,42.19029999,-122.6610031
AHN,33.94860077,-83.32630157
AIA,42.05319977,-102.8040009
GBH,68.47969818,-149.4900055
TEX,37.9538002,-107.9079971
GBG,40.93799973,-90.43109894
GBD,38.34429932,-98.85919952
AIK,33.649399,-81.684998
AIN,70.63800049,-159.9949951
AIO,41.40729904,-95.04689789
AIV,33.106499,-88.1978
AIZ,38.09600067,-92.54949951
GAM,63.76679993,-171.7330017
AKB,52.22029877,-174.2059937
AKC,41.03749847,-81.46690369
AKI,60.9029007,-161.2310028
AKK,56.93870163,-154.1829987
AKN,58.67679977,-156.6490021
TGE,32.4919014,-85.77559662
AKO,40.17559814,-103.2220001
AKP,68.13359833,-151.7429962
ALB,42.74829865,-73.80169678
ALE,30.38419914,-103.6839981
ALI,27.74090004,-98.02690125
GAL,64.73619843,-156.9369965
GAI,39.16830063,-77.16600037
ALM,32.83990097,-105.9909973
GAG,36.29550171,-99.77639771
ALN,38.89030075,-90.04599762
ALO,42.55709839,-92.40029907
ALS,37.434898,-105.866997
ALW,46.09489822,-118.288002
GAD,33.972599,-86.088996
ALX,32.91469955,-85.96299744
THA,35.38010025,-86.24639893
ALZ,56.8995018,-154.2480011
AMA,35.219398,-101.706001
GAB,38.92409897,-117.9589996
FYV,36.00510025,-94.17009735
AMK,37.20320129,-107.8690033
AMN,43.32210159,-84.68800354
AMW,41.992001,-93.621803
ANB,33.5882,-85.8581
THM,47.57350159,-115.2809982
ANC,61.17440033,-149.9960022
FYU,66.57150269,-145.25
THP,43.713602,-108.389687
AND,34.49459839,-82.70939636
FYM,35.05970001,-86.56400299
ANI,61.58160019,-159.5429993
ANN,55.04240036,-131.5720062
FXY,43.23469925,-93.62409973
THV,39.91699982,-76.8730011
ANP,38.942902,-76.568398
ANV,62.646702,-160.190994
ANW,42.579201,-99.992995
ANY,37.158501,-98.079597
FXE,26.19729996,-80.17070007
AOH,40.706902,-84.026703
FWL,62.509327,-153.892279
FWH,32.76919937,-97.4414978
AOO,40.29639816,-78.31999969
AOS,57.4715004,-153.8150024
APA,39.57009888,-104.848999
APC,38.2132,-122.280998
TIK,35.41469955,-97.38659668
APF,26.15259933,-81.77529907
FUL,33.87200165,-117.9800034
APG,39.466202,-76.1688
APH,38.068902,-77.318298
APN,45.0780983,-83.56030273
FTY,33.77909851,-84.52140045
APT,35.060699,-85.585297
APV,34.57529831,-117.185997
TIW,47.26789856,-122.5780029
TIX,28.51479912,-80.79920197
AQY,60.966099,-149.126007
ARA,30.0378,-91.883904
FTW,32.819801,-97.362396
ARB,42.22299957,-83.74559784
FTK,37.90710068,-85.9720993
ARC,68.1147,-145.578995
FTI,-14.2172,-169.425003
ARE,18.45000076,-66.6753006
ARG,36.124667,-90.925111
FSU,34.48339844,-104.2170029
ART,43.9919014,-76.021698
FST,30.91570091,-102.9160004
TKA,62.32049942,-150.0939941
ARV,45.92789841,-89.73090363
FSM,35.33660126,-94.36740112
TKE,57.77970123,-135.2180023
TKF,39.31999969,-120.1399994
FSK,37.79840088,-94.76940155
ASE,39.22320175,-106.8690033
TKI,55.93709946,-133.3269959
TKJ,63.32949829,-142.9539948
FSI,34.64979935,-98.40219879
TKL,58.48970032,-133.9429932
FSD,43.58200073,-96.74189758
ASH,42.78170013,-71.51480103
ASL,32.52050018,-94.30780029
ASN,33.56990051,-86.05090332
FRY,43.99110031,-70.94789886
ASQ,39.467998,-117.195
AST,46.15800095,-123.8789978
FRR,38.91749954,-78.25350189
ASX,46.54850006,-90.91899872
ASY,46.02389908,-99.3526001
ATE,34.19260025,-95.64990234
ATK,70.46730042,-157.4360046
TLA,65.24040222,-166.3390045
ATL,33.6367,-84.428101
ATO,39.21099854,-82.23139954
FRN,61.26639938,-149.6529999
ATS,32.85250092,-104.4680023
TLF,63.39390182,-153.2689972
ATT,60.866699,-162.272995
TLH,30.39649963,-84.35030365
TLJ,62.89440155,-155.977005
ATU,52.82839966,173.1799927
FRM,43.64390183,-94.41560364
ATW,44.2580986,-88.51909637
FRI,39.05530167,-96.76450348
FRG,40.72880173,-73.41339874
TLR,36.15629959,-119.3259964
ATY,44.91400146,-97.15470123
TLT,61.09680176,-160.9689941
FRD,48.52199936,-123.0240021
FPY,30.0692997,-83.58059692
AUG,44.3205986,-69.79730225
FPR,27.49510002,-80.36830139
AUK,62.68004227,-164.6599274
AUM,43.66500092,-92.93340302
TMA,31.42900085,-83.4885025
TMB,25.6479,-80.4328
FOK,40.84370041,-72.63179779
AUN,38.95479965,-121.0820007
FOE,38.95090103,-95.66359711
AUO,32.615101,-85.433998
AUS,30.19449997,-97.66989899
AUW,44.92620087,-89.62660217
FOD,42.55149841,-94.19259644
AUZ,41.77190018,-88.47570038
AVL,35.43619919,-82.54180145
FNT,42.9654007,-83.74359894
FNR,58.25439835,-134.897995
AVO,27.59119987,-81.52780151
FNL,40.451804,-105.011
AVP,41.33850098,-75.7233963
AVW,32.4095993,-111.2180023
AVX,33.4049,-118.416
AWM,35.13510132,-90.23439789
AXB,44.312002,-75.90034
TNC,65.56310272,-167.9219971
FMY,26.58659935,-81.86329651
FMU,43.98279953,-124.1110001
FMS,40.65930176,-91.32679749
AXG,43.07789993,-94.27200317
FMN,36.74119949,-108.2300034
FMH,41.65840149,-70.52140045
FME,39.08539963,-76.75939941
TNK,60.57550049,-165.2720032
AXN,45.86629868,-95.3946991
FLX,39.49909973,-118.7490005
MGW,39.64289856,-79.91629791
MGY,39.5890007,-84.22489929
TNP,34.13159943,-115.9459991
MFI,44.63690186,-90.18930054
MFH,36.83499908,-114.0550003
FLV,39.36830139,-94.91470337
TNT,25.86179924,-80.89700317
TNU,41.67440033,-93.021698
MHE,43.77479935,-98.03859711
FLT,62.45259857,-157.9889984
MFE,26.17580032,-98.23860168
MFD,40.82139969,-82.51660156
TOA,33.80339813,-118.3399963
MHK,39.14099884,-96.67079926
TOC,34.59379959,-83.29579926
MHL,39.09579849,-93.20290375
MHN,42.042155,-101.059113
MHR,38.55390167,-121.2979965
TOG,59.05279922,-160.3970032
TOI,31.860399,-86.012101
FLP,36.29090118,-92.59030151
TOL,41.58679962,-83.80780029
MHS,41.263199,-122.272003
FLO,34.1853981,-79.72389984
TOP,39.06869888,-95.62249756
MHT,42.932598,-71.435699
TOR,42.0644989,-104.1529999
MHV,35.05939865,-118.1520004
MEV,39.00030136,-119.7509995
MER,37.38050079,-120.5680008
FLL,26.072599,-80.152702
MIA,25.79319954,-80.29060364
FLG,35.13850021,-111.6709976
FLD,43.77119827,-88.48840332
TPA,27.97550011,-82.53320313
FKN,36.698101,-76.903801
MIB,48.4156,-101.358002
TPF,27.91559982,-82.44930267
MIC,45.06200027,-93.35389709
TPH,38.06019974,-117.086998
MEO,35.91899872,-75.69550323
MIF,31.58250046,-102.9089966
FKL,41.37789917,-79.86039734
TPL,31.15250015,-97.40779877
MEM,35.04240036,-89.97669983
MEJ,41.62649918,-80.21469879
MEI,32.33259964,-88.75189972
FIL,38.95830154,-112.362999
FID,41.25130081,-72.03160095
MIO,36.909168,-94.887497
MIQ,41.195004,-96.114765
MIT,35.507401,-119.192002
MIV,39.367802,-75.072197
FHU,31.58849907,-110.3440018
MIW,42.112778,-92.917778
MDW,41.785999,-87.752403
FFT,38.18249893,-84.90470123
MDT,40.19350052,-76.76339722
MDO,59.44990158,-146.3070068
FFO,39.8260994,-84.0483017
MDJ,44.67020035,-121.1549988
MJQ,43.650002,-94.98666
TRH,35.8125,-117.3270035
TRI,36.475201,-82.407401
FFM,46.28440094,-96.15670013
TRL,32.70920181,-96.26740265
TRM,33.62670135,-116.1600037
FFL,41.05329895,-91.97889709
FFA,36.01819992,-75.6713028
MDH,37.77809906,-89.2519989
MDF,45.10100174,-90.30329895
FET,41.44910049,-96.52020264
MDD,32.03649902,-102.1009979
FEP,42.24620056,-89.58200073
MJX,39.92750168,-74.29239655
TRX,40.083611,-93.590836
MCW,43.15779877,-93.33129883
MKC,39.12319946,-94.59279633
MKE,42.94720078,-87.89659882
MKG,43.169498,-86.238197
MCO,28.42939949,-81.30899811
FDY,41.01350021,-83.66870117
TSG,63.37440109,-143.3359985
FDR,34.35200119,-98.98390198
FDK,39.41759872,-77.3742981
MKK,21.1529007,-157.095993
TSM,36.45819855,-105.6719971
MKL,35.599899,-88.915604
TSP,35.13499832,-118.439003
MKO,35.65650177,-95.36669922
MCN,32.69279861,-83.64920044
MCL,63.73260117,-148.9109955
MCK,40.20629883,-100.5920029
FCY,34.94200134,-90.77500153
FCS,38.67839813,-104.7570038
MKT,44.22159958,-93.91870117
MCI,39.2976,-94.713898
FCM,44.82720184,-93.45709991
FCH,36.73239899,-119.8199997
TTD,45.54940033,-122.401001
FCA,48.3105011,-114.2559967
MCG,62.95289993,-155.6060028
MCF,27.84930038,-82.52120209
FBY,40.18299866,-97.16929626
FBS,48.53730011,-123.0100021
FBR,41.39189911,-110.4069977
TTN,40.27669907,-74.81349945
TTO,45.81520081,-97.74310303
FBL,44.32844,-93.312534
MCE,37.28469849,-120.5139999
MLB,28.10280037,-80.64530182
MLC,34.882401,-95.783501
MLD,42.16659927,-112.2969971
FBK,64.83750153,-147.6139984
FBG,35.13180161,-78.93669891
MLF,38.609707,-112.985949
FAY,34.99119949,-78.88030243
MCD,45.86489868,-84.63729858
MCC,38.66759872,-121.401001
MLI,41.44850159,-90.50749969
MLJ,33.15420151,-83.24069977
FAT,36.77619934,-119.7180023
MLK,48.3669014,-107.9189987
TUL,36.19839859,-95.88809967
FAR,46.92070007,-96.81580353
MLL,61.86429977,-162.026001
MCB,31.17849922,-90.47190094
TUP,34.26810074,-88.76989746
MBY,39.46390152,-92.42700195
FAM,37.76110077,-90.4285965
TUS,32.11610031,-110.9410019
MLS,46.4280014,-105.8860016
MLT,45.64780045,-68.68560028
FAK,57.53219986,-135.2129974
MLU,32.51089859,-92.03769684
FAJ,18.30890083,-65.66190338
MLY,64.99759674,-150.6439972
TVC,44.74140167,-85.5821991
TVF,48.06570053,-96.18499756
TVI,30.90159988,-83.88130188
TVL,38.89390182,-119.9950027
FAI,64.81510162,-147.8560028
FAF,37.13249969,-76.6088028
MBS,43.53290176,-84.07959747
TWA,59.07559967,-160.272995
MMH,37.62409973,-118.8379974
TWD,48.05379868,-122.810997
TWE,65.6792984,-164.798996
TWF,42.4818,-114.487999
MMI,35.39730072,-84.56259918
MBL,44.2723999,-86.24690247
MML,44.45050049,-95.82189941
MMN,42.4618,-71.5184
MBG,45.54650116,-100.4079971
EYW,24.55610085,-81.75959778
TXK,33.45370102,-93.99099731
EYR,39.0041008,-119.1579971
MMS,34.23149872,-90.28959656
MMT,33.92079926,-80.80130005
EXI,58.420502,-135.449005
MMU,40.79940033,-74.41490173
EWR,40.69250107,-74.16870117
MAZ,18.25569916,-67.14849854
TYE,61.0766983,-151.1380005
MAW,36.6006012,-89.99220276
EWN,35.07300186,-77.04290009
MNM,45.126701,-87.638397
EWK,38.05820084,-97.27449799
EWB,41.67610168,-70.95690155
EVW,41.27479935,-111.0350037
EVM,47.42509842,-92.49849701
TYR,32.35409927,-95.40239716
TYS,35.81100082,-83.9940033
TYZ,34.45280075,-110.1149979
MNN,40.61619949,-83.06349945
TZC,43.45880127,-83.44550323
MNT,65.1437,-149.369995
MNZ,38.72140121,-77.51540375
EVA,30.32099915,-94.07350159
MOB,30.69120026,-88.24279785
MAF,31.94249916,-102.2020035
MOD,37.62580109,-120.9540024
MAE,36.98860168,-120.1119995
MAC,32.82210159,-83.56199646
LZU,33.97809982,-83.96240234
EUG,44.12459946,-123.211998
EUF,31.95129967,-85.12889862
MOP,43.621666,-84.73748
MGR,31.0848999,-83.80329895
EUE,39.60419846,-116.0049973
MOR,36.179548,-83.375212
ETS,31.29969978,-85.89990234
ETN,32.41350174,-98.80979919
MOS,47.777,10.623
UBS,33.4654007,-88.38030243
ETB,43.42219925,-88.12789917
ESW,47.25419998,-121.185997
MOT,48.25939941,-101.2799988
UCC,36.94580078,-116.038002
UCE,30.46629906,-92.42379761
MOU,62.09540176,-163.6820068
MOX,45.570358,-95.968421
MPB,25.77829933,-80.17030334
UCY,36.38180161,-88.98539734
EST,43.40739822,-94.74639893
UDD,33.74840164,-116.2750015
MPJ,35.138901,-92.909202
ESP,41.03580093,-75.16059875
LYU,47.82450104,-91.83070374
ESO,36.02999878,-106.0459976
ESN,38.80419922,-76.06900024
MPO,41.137503,-75.378897
MPR,38.35240173,-97.69129944
MPS,32.8981,-79.7828
MPV,44.20349884,-72.56230164
UES,43.04100037,-88.23709869
MPZ,40.94660187,-91.51110077
LYO,38.34280014,-98.22689819
MQB,40.52009964,-90.65239716
UGB,57.42539978,-157.7400055
UGI,57.7304,-153.320999
UGN,42.42219925,-87.86789703
LYH,37.3266983,-79.20040131
UGS,57.5279007,-157.3990021
ESF,31.39489937,-92.29579926
LXV,39.22029877,-106.3170013
ESD,48.70819855,-122.9100037
MQT,46.35359955,-87.395401
UIL,47.93659973,-124.5630035
UIN,39.94269943,-91.19460297
ESC,45.72269821,-87.09369659
LXN,40.79100037,-99.77729797
MQW,32.094617,-82.882248
MQY,36.00899887,-86.52010345
LWV,38.7643013,-87.60549927
MRB,39.40190125,-77.98459625
MRC,35.55410004,-87.17890167
MFR,42.37419891,-122.8730011
ERV,29.97669983,-99.08570099
MRF,30.371099,-104.017997
UKI,39.12599945,-123.2009964
LWT,47.04930115,-109.4670029
UKN,43.2804985,-91.46949768
MRI,61.21350098,-149.8439941
UKT,40.43519974,-75.38189697
LWS,46.37450027,-117.0149994
MRK,25.995001,-81.672501
MRN,35.820202,-81.611397
LWM,42.71720123,-71.12339783
LWL,41.11709976,-114.9219971
ULM,44.31959915,-94.50229645
LWC,39.01119995,-95.21659851
LWB,37.85829926,-80.39949799
MRY,36.5870018,-121.8430023
ERR,44.79249954,-71.16419983
LVS,35.65420151,-105.1419983
LVM,45.69940186,-110.447998
MSC,33.46080017,-111.7279968
MSD,39.526651,-111.475978
ERI,42.08312701,-80.17386675
LVL,36.77280045,-77.79429626
MSL,34.74530029,-87.61019897
LVK,37.69340134,-121.8199997
UMM,63.33150101,-149.1269989
MSN,43.13990021,-89.33750153
MSO,46.91630173,-114.0910034
UMT,69.37110138,-152.1360016
MSP,44.882,-93.221802
MSS,44.93579865,-74.84559631
MSV,41.701596,-74.794997
LVD,61.35910034,-155.4400024
MSY,29.99340057,-90.25800323
LUR,68.87509918,-166.1100006
UNK,63.88840103,-160.798996
MTC,42.613463,-82.836919
LUP,21.21100044,-156.973999
UNU,43.42660141,-88.70320129
UOS,35.20510101,-85.89810181
UOX,34.38430023,-89.53679657
EPH,47.30759811,-119.5159988
EPG,40.86750031,-96.11000061
LUL,31.67259979,-89.17220306
UPP,20.26530075,-155.8600006
EOS,36.806491,-94.391042
LUK,39.10329819,-84.41860199
EOK,40.4598999,-91.42849731
ENW,42.59569931,-87.92780304
ENV,40.71870041,-114.0309982
MTH,24.726101,-81.051399
LUF,33.53499985,-112.3830032
MTJ,38.50979996,-107.8939972
MTM,55.131001,-131.578003
MTN,39.325699,-76.413803
ENN,64.54730225,-149.0740051
MTO,39.477901,-88.279198
MTP,41.0765,-71.920797
MTW,44.128799,-87.680602
ENL,38.51509857,-89.0911026
USA,35.387798,-80.709099
USC,40.2249,-83.3519
MTX,64.80680084,-147.7619934
END,36.33919907,-97.91649628
LTW,38.31539917,-76.55010223
ENA,60.57310104,-151.2449951
LTS,34.667099,-99.26670074
MUE,20.00130081,-155.6679993
MUI,40.434799,-76.569397
MUL,31.137777,-83.70417
EMT,34.086102,-118.035004
UST,29.9592,-81.339798
MUO,43.043598,-115.872002
EMP,38.33209991,-96.19120026
MUT,41.367803,-91.148201
LSV,36.23619843,-115.0339966
LSN,37.06290054,-120.8690033
MVC,31.458,-87.350996
EMM,41.82410049,-110.5569992
MVE,44.969101,-95.710297
UTM,34.68099976,-90.34670258
UTO,65.99279785,-153.7039948
LSK,42.75379944,-104.4049988
LSF,32.33729935,-84.99130249
MVL,44.5345993,-72.61399841
MVM,36.716444,-110.228444
MVN,38.321935,-88.853496
LSE,43.879002,-91.256699
UUK,70.33080292,-149.5980072
LSB,32.33349991,-108.6920013
LRU,32.28939819,-106.9219971
UVA,29.2112999,-99.74359894
MVW,48.47090149,-122.4209976
MVY,41.39310074,-70.61430359
EMK,62.78609848,-164.4909973
UWA,42.2820015,-72.21479797
MWA,37.75500107,-89.01110077
ELZ,42.10950089,-77.98999786
LRJ,42.77799988,-96.1937027
ELY,39.29970169,-114.8420029
MWC,43.110401,-88.034401
ELW,60.893818,-146.704038
ELV,58.19520187,-136.3470001
VAD,30.96780014,-83.19300079
MWH,47.20769882,-119.3199997
ELP,31.80719948,-106.3779984
MWL,32.78160095,-98.06020355
VAK,61.5409,-165.6005
ELN,47.03300095,-120.5309982
MWM,43.91339874,-95.10939789
MWO,39.530998,-84.395302
LRF,34.91690063,-92.14969635
ELM,42.15990067,-76.89160156
LRD,27.54380035,-99.46160126
MXA,35.894402,-90.154602
ELK,35.43080139,-99.39430237
MXC,37.93243,-109.341225
LQK,34.81000137,-82.70290375
MXE,34.791901,-79.365799
VBG,34.73730087,-120.5839996
MXF,32.3829,-86.365799
ELI,64.61470032,-162.2720032
MXG,42.343201,-71.509002
MXO,42.226275,-91.163524
LPS,48.48389816,-122.9380035
ELD,33.22100067,-92.81330109
ELA,29.60059929,-96.32189941
EKX,37.68600082,-85.92500305
VCT,28.8526001,-96.91850281
VCV,34.59749985,-117.3830032
MXY,61.43709946,-142.904007
MYF,32.8157,-117.139999
LPC,34.66559982,-120.4680023
EKO,40.82490158,-115.7919998
VDI,32.19269943,-82.37120056
EKN,38.88940048,-79.85710144
MYH,36.8116,-111.6421
LOZ,37.0821991,-84.0848999
VDZ,61.13389969,-146.2480011
VEE,67.00869751,-146.3659973
VEL,40.4408989,-109.5100021
LOW,38.00979996,-77.9701004
MYK,61.33570099,-142.6869965
VEX,48.38050079,-102.8980026
EKA,40.80339813,-124.112999
MYL,44.88970184,-116.1009979
LOU,38.22800064,-85.66369629
LOT,41.6072998,-88.09619904
VGT,36.21070099,-115.1940002
MYR,33.67969894,-78.92829895
EIL,64.66570282,-147.102005
MYU,60.37139893,-166.2709961
VHN,31.05780029,-104.7839966
MYV,39.09780121,-121.5699997
MZJ,32.51060104,-111.3280029
LOL,40.06639862,-118.5650024
LNY,20.78560066,-156.951004
LNS,40.12170029,-76.2960968
EHM,58.64640045,-162.0630035
EGX,58.1855011,-157.375
VIH,38.12739944,-91.76950073
LNR,43.21170044,-90.18160248
LNP,36.98749924,-82.52999878
LNN,41.68399811,-81.38970184
VIS,36.31869888,-119.3929977
EGV,45.93230057,-89.26830292
LNK,40.85100174,-96.75920105
LNI,70.91069794,-153.2420044
EGP,28.85720062,-100.512001
LND,42.81520081,-108.7300034
LNA,26.59300041,-80.08509827
VJI,36.68709946,-82.03330231
LMT,42.156101,-121.733002
LMS,33.14619827,-89.0625
VKS,32.23929977,-90.92839813
NBG,29.82530022,-90.03500366
VLA,38.99150085,-89.16619873
MGI,28.323,-96.464
VLD,30.78249931,-83.27670288
VLE,35.65060043,-112.1480026
LMA,63.886002,-152.302002
LLY,39.94290161,-74.84570313
EGI,30.65040016,-86.52290344
EGE,39.64260101,-106.9179993
EFW,42.0102005,-94.34259796
EFK,44.888802,-72.229202
LLX,44.56909943,-72.01799774
NCN,60.07730103,-147.9920044
EFD,29.6072998,-95.15879822
NCO,41.5970993,-71.41210175
LKV,42.16109848,-120.3990021
LKP,44.26449966,-73.9618988
VNC,27.07159996,-82.44029999
EEN,42.89839935,-72.27079773
MGJ,41.50999832,-74.26460266
EEK,60.21367264,-162.0438843
EED,34.7663002,-114.6230011
LKK,58.98210144,-155.1210022
LKE,47.62900162,-122.3389969
VNY,34.20980072,-118.4899979
EDW,34.905399,-117.884003
LJN,29.10860062,-95.46209717
LIZ,46.950401,-67.885902
LIY,31.889099,-81.562303
VOK,43.93899918,-90.25340271
EDK,37.77410126,-96.81759644
EDF,61.25099945,-149.8070068
NEL,40.03329849,-74.353302
EDE,36.02769852,-76.56710052
NEN,30.35390091,-81.87190247
VPS,30.4832,-86.525398
NEW,30.04240036,-90.02829742
EDA,55.949653,-133.661012
VQQ,30.21870041,-81.87670136
VQS,18.13479996,-65.49359894
ECS,43.885399,-104.318001
VRB,27.6556,-80.417901
NFL,39.41659927,-118.7009964
LIV,65.467,-148.6534
ECP,30.357106,-85.795414
LIT,34.72940063,-92.22429657
NGF,21.45050049,-157.7680054
ECG,36.26060104,-76.17459869
VRS,38.42779922,-92.87519836
NGP,27.69260025,-97.29109955
LIH,21.97599983,-159.3390045
VSF,43.34360123,-72.51730347
NGU,36.937599,-76.289299
NGW,27.702712,-97.4389
ECA,44.312801,-83.422302
LIC,39.27479935,-103.6660004
EBS,42.43659973,-93.86889648
NHK,38.285999,-76.411797
LHV,41.13560104,-77.42230225
VTN,42.85779953,-100.5479965
NHX,30.38909912,-87.63529968
NHZ,43.89220047,-69.93859863
NIB,63.0186,-154.358002
NIN,60.020667,-151.590893
NIP,30.2358,-81.680603
NIR,28.362444,-97.661917
EAU,44.86579895,-91.48429871
EAT,47.39889908,-120.2070007
LGU,41.79119873,-111.8519974
NJK,32.829201,-115.671996
LGF,32.86000061,-114.3970032
EAR,40.72700119,-99.00679779
LGD,45.29019928,-118.0070038
EAN,42.0555,-104.929001
NKI,55.849602,-133.227994
LGC,33.0089,-85.072601
VYS,41.351898,-89.153099
WAA,65.622593,-168.095
LGB,33.81769943,-118.1520004
LGA,40.77719879,-73.87259674
NKX,32.86840057,-117.1429977
NLC,36.33300018,-119.9520035
WAH,46.24409866,-96.60739899
NLE,41.83589935,-86.22519684
LFT,30.20529938,-91.98760223
WAL,37.94020081,-75.46640015
NLG,56.00749969,-161.1600037
LFN,36.0233,-78.330299
NLN,40.71929932,-123.9280014
LFK,31.23399925,-94.75
WAS,38.889444,-77.035278
LFI,37.082901,-76.36049652
LEX,38.03649902,-84.60590363
NME,60.47100067,-164.701004
WAY,39.90010071,-80.13310242
LEW,44.04850006,-70.28350067
WBB,63.51599884,-162.2779999
LEM,45.91870117,-102.1060028
NNK,58.73289871,-157.0200043
WBK,44.244801,-84.179802
NNL,59.98020172,-154.8390045
LEE,28.82309914,-81.80870056
WBQ,66.36219788,-147.4069977
WBR,43.72259903,-85.50409698
WBU,40.03939819,-105.2259979
WBW,41.29719925,-75.85119629
LEB,43.62609863,-72.30419922
DYS,32.42079926,-99.854599
WCR,67.50450134,-148.4830017
WDG,36.37919998,-97.79109955
LDM,43.96250153,-86.40789795
LDJ,40.61740112,-74.24459839
WDN,48.7118,-123.017998
WDR,33.98289871,-83.66739655
DYL,40.33300018,-75.12229919
WEA,32.74629974,-97.68240356
DXR,41.37149811,-73.48220062
DXE,32.438702,-90.103104
NOT,38.14360046,-122.5559998
DWH,30.0618,-95.55280304
WFB,55.349899,-131.677002
NPA,30.35269928,-87.31860352
WFK,47.28549957,-68.31279755
NPH,39.73880005,-111.8720016
LCQ,30.18199921,-82.57689667
LCK,39.813801,-82.927803
DVT,33.68830109,-112.0830002
WGO,39.14350128,-78.14440155
NPT,41.53239822,-71.28150177
DVN,41.61029816,-90.58830261
WHD,55.903324,-130.009975
NQA,35.356701,-89.8703
NQI,27.50720024,-97.80970001
DVL,48.11420059,-98.90879822
LCI,43.5727005,-71.41889954
WHP,34.25930023,-118.413002
LCH,30.12610054,-93.22329712
WHT,29.25429916,-96.15440369
DUT,53.90010071,-166.5440063
NQX,24.57579994,-81.68890381
NRB,30.39109993,-81.42469788
DUJ,41.17829895,-78.8986969
DUG,31.46899986,-109.6039963
NRC,37.40800095,-121.1090012
DUF,36.25350189,-75.78849792
LBT,34.60990143,-79.05940247
WJF,34.74110031,-118.2190018
LBL,37.0442009,-100.9599991
NRI,36.57759857,-94.86190033
LBF,41.12620163,-100.6839981
LBE,40.27590179,-79.40480042
DUC,34.47090149,-97.9598999
WKK,59.2826004,-158.6179962
WKL,19.9205,-155.8607
DUA,33.94229889,-96.39450073
DTW,42.21239853,-83.35340118
DTT,42.331427,-83.045754
WLD,37.16859818,-97.03759766
DTR,48.49980164,-122.814003
NRR,18.24530029,-65.6434021
WLK,66.60009766,-159.9859924
DTN,32.54019928,-93.74500275
DTL,46.82519913,-95.88569641
DTH,36.463799,-116.880997
WLR,55.60129929,-131.6369934
WLW,39.51639938,-122.2180023
NRS,32.56669998,-117.1169968
LBB,33.663601,-101.822998
WMC,40.89659882,-117.8059998
NSE,30.7241993,-87.02189636
DTA,39.38059998,-112.5080032
WMH,36.3689003,-92.47049713
LAX,33.94250107,-118.4079971
WMK,55.73960114,-132.2550049
LAW,34.56769943,-98.41660309
NSL,43.98680115,-95.7826004
WMO,64.68920136,-163.4129944
LAS,36.08010101,-115.1520004
LAR,41.31209946,-105.6750031
NTD,34.12030029,-119.1210022
WNA,60.69029999,-161.9790039
DSV,42.57089996,-77.71309662
LAN,42.77870178,-84.58740234
LAM,35.87979889,-106.2689972
NTJ,39.32910156,-111.6149979
DSM,41.5340004,-93.6631012
LAL,27.988899,-82.018602
LAA,38.06969833,-102.6880035
NTU,36.820702,-76.033501
DSI,30.40010071,-86.47149658
NUI,70.20999908,-151.0059967
NUL,64.729301,-158.074005
NUN,30.4694,-87.338097
WOW,61.75419998,-150.052002
NUP,60.905591,-162.440454
NUQ,37.4161,-122.049004
DRU,46.6208,-113.205002
DRT,29.37420082,-100.927002
DRO,37.1515007,-107.7539978
KZB,57.553001,-153.746052
WPO,38.83169937,-107.6460037
NUW,48.351799,-122.655998
DRI,30.83169937,-93.33989716
DRG,66.06960297,-162.7660065
WRB,32.64009857,-83.59190369
NVD,37.852993,-94.304513
WRG,56.48429871,-132.3699951
WRI,40.0155983,-74.59169769
WRL,43.96569824,-107.9509964
DRF,60.58890152,-152.1620026
NVN,39.81850052,-120.3529968
DRE,46.00930023,-83.74389648
DRA,36.6194,-116.032997
KYU,64.87609863,-157.727005
WSB,55.52959824,-133.6419983
WSD,32.34149933,-106.4029999
WSF,61.1821,-149.863
WSG,40.13650131,-80.29019928
WSH,40.82189941,-72.86940002
WSM,67.40460205,-150.1230011
WSN,58.70339966,-157.0079956
NWH,40.462502,-74.330574
KYO,28.22130013,-82.37449646
WST,41.34960175,-71.80339813
WSX,48.61790085,-122.9530029
NYC,40.714167,-74.005833
MFV,37.64690018,-75.76110077
NYG,38.50170135,-77.30529785
KYK,57.56710052,-154.4499969
DPG,40.19940186,-112.9369965
MGM,32.30059814,-86.39399719
WTK,67.56610107,-162.9750061
WTL,60.33530045,-162.6670074
DPA,41.90779877,-88.24859619
NZY,32.69919968,-117.2149963
KXA,55.53739929,-132.397995
WTR,33.8125,-109.9869995
KWT,60.79029846,-161.4440002
OAJ,34.82920074,-77.61209869
DOV,39.12950134,-75.46600342
OAK,37.721298,-122.221001
KWP,57.77009964,-153.548996
OAR,36.68190002,-121.762001
KWN,59.7551,-161.845
KWK,59.876499,-163.169005
OBE,27.26280022,-80.84980011
KWF,55.29629898,-133.2429962
OBU,66.91230011,-156.8970032
OCA,25.3253994,-80.27480316
KVL,67.73619843,-164.5630035
WVI,36.93569946,-121.7900009
OCE,38.3103981,-75.12400055
WVL,44.53319931,-69.67549896
DNV,40.19919968,-87.59590149
WWA,61.57170105,-149.5399933
WWD,39.00849915,-74.90830231
DNS,41.9864006,-95.38069916
OCF,29.17259979,-82.22419739
WWP,56.116299,-133.121994
WWR,36.438,-99.5226667
WWT,60.93909836,-164.6410065
OCH,31.57799911,-94.70950317
DNN,34.72290039,-84.87020111
DNL,33.46649933,-82.03939819
WYB,55.91630173,-131.8009949
OCN,33.21730042,-117.3539963
KVC,55.11629868,-162.2660065
WYS,44.68840027,-111.1179962
OCW,35.57049942,-77.04979706
ODC,37.75630188,-120.8000031
DMO,38.70740128,-93.17590332
DMN,32.26229858,-107.7210007
KUK,60.87440109,-162.5240021
ODM,39.2808,-79.3374
ODW,48.25149918,-122.6740036
OEO,45.31000137,-92.69190216
DMA,32.16650009,-110.8830032
OFF,41.11830139,-95.91249847
DLS,45.61849976,-121.1669998
DLN,45.25540161,-112.5530014
OFK,41.98550034,-97.43509674
OGA,41.11949921,-101.7699966
DLL,34.44910049,-79.36859894
DLH,46.84209824,-92.19360352
DLG,59.04470062,-158.5050049
DLF,29.359501,-100.778002
XES,42.614899,-88.389603
OGB,33.45679855,-80.85949707
OGD,41.19589996,-112.012001
DKK,42.49330139,-79.27200317
OGG,20.8986,-156.429993
DJN,64.05039978,-145.7169952
OGS,44.68190002,-75.46549988
KTS,65.33129883,-166.4660034
KTN,55.35559845,-131.7140045
OIC,42.5666008,-75.52410126
KTH,59.96319962,-158.477005
DIK,46.79740143,-102.802002
DHT,36.02259827,-102.5469971
OJC,38.84759903,-94.73760223
KTB,55.68799973,-132.5370026
OKC,35.39310074,-97.60070038
OKM,35.66809845,-95.94869995
DHN,31.32130051,-85.44960022
KSM,62.0605011,-163.302002
OKS,41.401001,-102.355003
DHB,48.61666667,-123.0027778
OLD,44.95280075,-68.67430115
OLE,42.242231,-78.371638
DGW,42.79719925,-105.3860016
XMD,44.01599884,-97.08589935
OLF,48.0945015,-105.5749969
OLH,57.218056,-153.269722
OLM,46.9693985,-122.9029999
OLS,31.4177,-110.848
OLU,41.44800186,-97.34259796
OLV,34.97869873,-89.78690338
OLY,38.720665,-88.174871
DGN,38.33250046,-77.03720093
XNA,36.281898,-94.306801
OMA,41.3032,-95.894096
DGL,31.34259987,-109.5059967
DFW,32.896801,-97.038002
DFI,41.33750153,-84.42880249
OME,64.5121994,-165.4450073
DET,42.40919876,-83.00990295
OMK,48.46440125,-119.5179977
XPR,43.02249908,-102.5110016
DEN,39.86169815,-104.6729965
ONA,44.077221,-91.708336
DEH,43.27550125,-91.73940277
KQA,54.13377044,-165.7788956
DEC,39.83459854,-88.86569977
ONH,42.524722,-75.064444
KPY,57.93009949,-153.0410004
XSD,37.79880142,-116.7809982
ONL,42.469898,-98.688103
DDC,37.76340103,-99.96559906
ONM,34.023978,-106.897543
ONO,44.02050018,-117.0139999
DCU,34.65269852,-86.94539642
DCK,66.94329834,-156.9049988
DCA,38.8521,-77.037697
ONP,44.580399,-124.057999
DBS,44.16659927,-112.2259979
KPV,55.905998,-159.162993
ONT,34.05599976,-117.6009979
DBQ,42.40200043,-90.70950317
DBN,32.56439972,-82.98529816
KPT,41.97600174,-114.6579971
ONY,33.352185,-98.791538
DAY,39.90240097,-84.2193985
OOA,41.004826,-93.309613
OOK,60.54140091,-165.0870056
KPR,58.49010086,-152.5820007
KPN,59.93299866,-164.0310059
YAK,59.50329971,-139.6600037
DAN,36.57289886,-79.33609772
OPF,25.907,-80.278397
DAL,32.847099,-96.851799
DAG,34.85369873,-116.7870026
DAB,29.179899,-81.058098
DAA,38.71500015,-77.18099976
KPC,65.25370026,-166.8589935
CZT,28.52219963,-99.82360077
CZP,55.96630096,-133.7969971
CZO,62.56349945,-144.6690063
CZN,62.07120132,-142.0480042
OPL,30.558405,-92.099373
CZK,45.67689896,-121.8789978
KPB,56.35189819,-133.6230011
CZF,61.78030014,-166.0390015
CZC,61.94120026,-145.2940063
KOZ,57.925362,-152.496715
KOY,57.16149902,-154.2299957
ORD,41.9786,-87.9048
ORF,36.89459991,-76.20120239
ORH,42.26729965,-71.8757019
CYT,60.080974,-142.494541
CYS,41.15570068,-104.8119965
ORI,57.885278,-152.846111
CYM,57.5149,-134.945999
KOT,63.0306015,-163.5330048
CYF,60.14920044,-164.2859955
ORL,28.5455,-81.332901
CXO,30.351801,-95.414497
KOA,19.738783,-156.045603
CXL,32.66949844,-115.5130005
ORT,62.9612999,-141.9290009
CXF,67.25219727,-150.2039948
CXC,61.582901,-144.427002
CWX,32.24539948,-109.8949966
CWS,48.49010086,-122.8320007
CWI,41.83110046,-90.32910156
CWF,30.2105999,-93.14320374
ORV,66.81790161,-161.0189972
CWA,44.77759933,-89.66680145
KNW,59.44990158,-157.3280029
CVS,34.38280106,-103.3219986
CVO,44.49720001,-123.2900009
CVN,34.42509842,-103.0790024
KNT,36.22589874,-90.03659821
KNK,59.43320084,-154.8040009
CVG,39.04880142,-84.6678009
OSB,36.30580139,43.1473999
CUX,27.72179,-97.512135
OSC,44.451599,-83.394096
CUS,39.2557,-85.8971
OSH,43.9844017,-88.55699921
KNB,37.010607,-112.530866
KMY,57.025556,-154.145833
CUH,35.94990158,-96.77310181
CUB,33.97050095,-80.99520111
OSU,40.0798,-83.072998
CTZ,34.9756012,-78.36460114
CTY,29.63549995,-83.10479736
CTX,42.59260178,-76.21489716
CTW,34.730018,-112.035395
CTO,40.9151001,-72.79190063
OSX,33.090016,-89.540918
CTK,43.308899,-96.570999
CTH,39.97900009,-75.8655014
OTG,43.655905,-95.584047
OTH,43.417099,-124.2460022
OTK,45.41820145,-123.814003
OTM,41.10660172,-92.44789886
CTB,48.60839844,-112.3759995
OTS,48.499,-122.662003
CSV,35.95130157,-85.08499908
CSQ,41.02140045,-94.36329651
CSN,39.19219971,-119.7340012
CSM,35.33980179,-99.20050049
OTZ,66.88469696,-162.598999
KMO,58.99020004,-159.0500031
CSG,32.5163002,-84.93890381
CSE,38.851918,-106.928341
OUN,35.2456,-97.472099
KLW,55.57920074,-133.076004
CRX,34.91500092,-88.60350037
CRW,38.37310028,-81.59320068
CRT,33.17829895,-91.88020325
CRS,32.02809906,-96.40059662
CRP,27.77039909,-97.50119781
CRO,36.102502,-119.595001
OVE,39.4878006,-121.6220016
KLS,46.11800003,-122.8980026
CRG,30.3362999,-81.51439667
CRE,33.81169891,-78.72389984
OWA,44.12340164,-93.26059723
CPX,18.313289,-65.304324
CPS,38.5707016,-90.15619659
CPR,42.908001,-106.463997
CPM,33.88999939,-118.2440033
OWB,37.74010086,-87.16680145
OWD,42.19049835,-71.17289734
COU,38.8181,-92.219597
COT,28.45669937,-99.22029877
COS,38.805801,-104.700996
OWK,44.71549988,-69.86650085
COP,42.62919998,-74.89099884
CON,43.20270157,-71.50229645
COM,31.84110069,-99.4036026
COI,28.34160042,-80.6855011
COF,28.23489952,-80.61009979
COE,47.77429962,-116.8199997
COD,44.52019882,-109.0240021
COA,38.03039932,-120.4150009
CNY,38.75500107,-109.7549973
KLN,57.53509903,-153.9779968
CNW,31.63780022,-97.07409668
CNU,37.66880035,-95.48509979
CNO,33.97470093,-117.637001
CNM,32.33750153,-104.2630005
CNK,39.54930115,-97.65229797
CNH,43.37039948,-72.36869812
CNE,38.4280014,-105.1060028
OXC,41.47859955,-73.1352005
OXD,39.50230026,-84.78440094
KLL,59.12810135,-156.8589935
CMY,43.958302,-90.7379
CMX,47.16839981,-88.4890976
KLG,61.53630066,-160.3410034
OXR,34.20080185,-119.2070007
KKU,58.81119919,-158.5590057
OZA,30.73530006,-101.2030029
OZR,31.27569962,-85.71340179
PAE,47.90629959,-122.2819977
PAH,37.06079865,-88.77380371
CMI,40.03919983,-88.27809906
CMH,39.998001,-82.891899
PAK,21.89690018,-159.6029968
PAM,30.06959915,-85.57540131
CLW,27.97669983,-82.75869751
CLT,35.2140007,-80.94309998
CLS,46.67699814,-122.9830017
YIP,42.23789978,-83.53040314
CLR,33.13150024,-115.5210037
PAO,37.46110153,-122.1149979
CLP,58.83369827,-158.529007
CLM,48.12020111,-123.5
CLL,30.58860016,-96.36380005
CLK,35.53829956,-98.93270111
KKL,57.36700058,-154.0279999
PAQ,61.594898,-149.08901
CLI,44.61380005,-88.73130035
CLG,36.1631012,-120.2939987
CLE,41.4117012,-81.84980011
CLD,33.12829971,-117.2799988
KKK,64.4166257,-156.8203926
CKX,64.07129669,-141.9519959
CKV,36.62189865,-87.41500092
CKU,60.54389954,-145.727005
CKR,48.5978,-122.9979
CKN,47.84170151,-96.62159729
YKM,46.56819916,-120.5439987
YKN,42.91669846,-97.3859024
KKI,60.90480042,-161.4219971
CKM,34.29970169,-90.51229858
KKH,59.96080017,-162.8809967
KKB,58.1908989,-152.3699951
CKK,36.26490021,-91.56259918
KKA,64.9394989,-161.154007
CKE,38.99060059,-122.901001
CKD,61.86790085,-158.1349945
PBF,34.1731,-91.9356
CKB,39.29660034,-80.22810364
CKA,36.7439003,-98.12310028
PBG,44.65090179,-73.4681015
PBI,26.68320084,-80.09559631
KIP,33.85779953,-98.49040222
PCA,58.9065,-157.714
PCD,43.01929855,-91.123703
KIC,36.22800064,-121.1220016
KIB,55.89749908,-159.4889984
PCT,40.39920044,-74.6588974
CIU,46.25080109,-84.47239685
PCU,30.7859993,-89.50450134
CIR,37.0644989,-89.21959686
MGE,33.91540146,-84.51629639
CIN,42.0461998,-94.78900146
CIL,64.89790344,-163.7030029
CIK,66.64499664,-143.7400055
PDB,59.78960037,-154.1239929
CIG,40.49520111,-107.5220032
CID,41.88470078,-91.71080017
CIC,39.79539871,-121.8580017
CHZ,42.57944049,-121.8790627
PDK,33.87559891,-84.30200195
PDT,45.69509888,-118.8410034
PDX,45.58869934,-122.5979996
PEC,57.9552002,-136.2359924
CHU,61.579102,-159.216003
KGZ,61.45510101,-142.3809967
CHS,32.89860153,-80.04049683
CHP,65.48549652,-144.6109924
CHO,38.1385994,-78.45290375
KGX,62.895187,-160.066289
PEQ,31.38240051,-103.5110016
KGK,59.72660065,-157.2590027
CHL,44.522999,-114.218002
CHK,35.09740067,-97.96769714
CHI,41.883611,-87.631667
PFC,45.19979858,-123.961998
PGA,36.92610168,-111.447998
PGC,38.99489975,-79.14589691
PGD,26.92020035,-81.9905014
KFP,54.84740067,-163.4100037
YNG,41.26070023,-80.67910004
CHA,35.03530121,-85.20379639
CGZ,32.954899,-111.766998
PGL,30.46279907,-88.52919769
CGS,38.98059845,-76.92230225
PGM,59.34830093,-151.8320007
CGI,37.22529984,-89.57080078
PGO,37.28630066,-107.0559998
CGF,41.56510162,-81.48639679
CGE,38.53929901,-76.03040314
PGR,36.06290054,-90.50779724
PGS,35.571266,-113.293008
CGA,55.47880173,-133.147995
CFV,37.09400177,-95.57189941
CFT,32.95280075,-109.2099991
CFD,30.71570015,-96.33139801
CEZ,37.3030014,-108.6279984
CEY,36.66460037,-88.37280273
CEX,65.05180359,-146.0469971
CEW,30.77879906,-86.52210236
PGV,35.6352005,-77.38529968
CEU,34.6719017,-82.8864975
KEK,59.35680008,-157.470993
CEM,65.57379913,-144.7830048
PHD,40.47090149,-81.41970062
PHF,37.13190079,-76.49299622
KEH,47.75479889,-122.2590027
CEF,42.19400024,-72.53479767
PHK,26.78499985,-80.69339752
CEC,41.78020096,-124.2369995
PHL,39.87189865,-75.2410965
CEA,37.64860153,-97.25060272
PHN,42.9109993,-82.52890015
CDW,40.87519836,-74.28140259
CDV,60.4917984,-145.4779968
CDS,34.43379974,-100.288002
CDR,42.83760071,-103.0950012
CDN,34.28359985,-80.56490326
CDL,65.90769959,-161.9259949
CDK,29.1342222,-83.0504722
CDH,33.62279892,-92.76339722
CDC,37.70100021,-113.098999
CDB,55.20610046,-162.7250061
CCY,43.07260132,-92.6108017
CCR,37.98970032,-122.0569992
CCG,31.4151001,-102.362999
CCB,34.11159897,-117.6880035
PHO,68.34880066,-166.798996
PHP,44.04859924,-101.598999
PHT,36.33819962,-88.38289642
CBM,33.64379883,-88.44380188
CBK,39.42750168,-101.0469971
CBF,41.25920105,-95.76059723
CBE,39.61539841,-78.7609024
PHX,33.43429947,-112.012001
PIA,40.66419983,-89.69329834
CAR,46.87149811,-68.01789856
CAO,36.44620132,-103.1669998
CAK,40.91609955,-81.44219971
EAA,64.77639771,-141.151001
CAE,33.93880081,-81.11949921
CAD,44.27529907,-85.41889954
PIB,31.46710014,-89.33709717
BZT,28.98220062,-95.57969666
BZN,45.77750015,-111.1529999
PIE,27.91020012,-82.68740082
PIH,42.90980148,-112.5960007
KEB,59.35210037,-151.9250031
BZF,40.57490158,-122.4079971
PIM,32.84069824,-84.88240051
PIP,57.58039856,-157.5720062
BYW,48.57899857,-122.8259964
PIR,44.38270187,-100.2860031
BYS,35.2804985,-116.6299973
PIT,40.49150085,-80.23290253
PIZ,69.73290253,-163.0050049
BYI,42.54259872,-113.7720032
BYH,35.96429825,-89.94400024
BYG,44.3810997,-106.7220001
PJB,34.25680161,-111.3389969
BYA,64.07830048,-141.1130066
PKA,60.70289993,-161.7779999
PKB,39.3451004,-81.43920135
BXS,33.25899887,-116.3209991
PKD,46.9006,-95.073095
PKF,45.95500183,-90.42440033
BXK,33.42039871,-112.685997
KDK,57.80590057,-152.3739929
KCR,63.56769943,-155.9889984
KCQ,56.25500107,-158.7749939
BXA,30.81369972,-89.86499786
PLK,36.62590027,-93.22889709
BWM,46.1655193,-103.30075
BWL,36.79589844,-97.31700134
BWI,39.1754,-76.668297
KCN,53.40289934,-167.5202715
BWG,36.96450043,-86.41970062
BWD,31.79360008,-98.95649719
BWC,32.99290085,-115.5169983
PLN,45.57089996,-84.79669952
BVY,42.58420181,-70.91649628
BVX,35.7262001,-91.64730072
PLR,33.55879974,-86.24909973
BVU,61.17219925,-151.0440063
BVO,36.76250076,-96.01119995
KCL,56.31119919,-158.5359955
BUR,34.20069885,-118.3590012
PMB,48.94250107,-97.24079895
BUM,38.28979874,-94.34010315
PMD,34.62939835,-118.0849991
KCC,56.00320053,-132.8419952
BUF,42.94049835,-78.73220062
BUB,41.77669907,-99.14969635
PMH,38.84049988,-82.84729767
BTY,36.86109924,-116.7870026
BTV,44.47190094,-73.15329742
KBW,56.29560089,-158.401001
BTT,66.91390228,-151.529007
PML,56.00600052,-160.5610046
BTR,30.533199,-91.149597
YUM,32.65660095,-114.6060028
PMX,42.22330093,-72.31140137
BTP,40.776901,-79.949699
KBE,55.92910004,-131.5720062
BTN,34.62170029,-79.73439789
BTM,45.95479965,-112.4970016
BTL,42.30730057,-85.25150299
PNC,36.73199844,-97.09980011
BTI,70.13400269,-143.5820007
BTF,40.86940002,-111.927002
KBC,66.27400208,-145.8240051
PNE,40.081902,-75.010597
PNN,45.20069885,-67.56439972
PNS,30.4734,-87.1866
BSW,60.42309952,-146.1459961
BSQ,31.36400032,-109.8830032
KAL,64.31909943,-158.7409973
PNU,37.84519958,-112.3919983
PNX,33.71409988,-96.67369843
BSF,19.76009941,-155.5540009
KAE,56.973,-133.945999
POB,35.17089844,-79.01450348
BRY,37.81430054,-85.49960327
BRW,71.285402,-156.766008
BRO,25.90679932,-97.42590332
BRL,40.78319931,-91.12550354
BRD,46.39830017,-94.13809967
BQV,58.4552002,-135.8849945
POC,34.09159851,-117.7819977
BQN,18.49489975,-67.12940216
BQK,31.25880051,-81.46649933
POE,31.0447998,-93.1917038
POF,36.77389908,-90.32489777
POH,36.245556,-90.955276
JXN,42.25979996,-84.45939636
JVL,42.62030029,-89.04160309
BPT,29.95079994,-94.02069855
JVI,40.5243988,-74.5983963
BPI,42.58509827,-110.1110001
POU,41.62659836,-73.88420105
POY,44.86719894,-108.7929993
BOW,27.943399,-81.783401
PPA,35.61299896,-100.9960022
BOS,42.36429977,-71.00520325
PPC,66.81410217,-150.6439972
BOK,42.0746,-124.290001
BOI,43.5644,-116.223
PPF,37.32989883,-95.5062027
JST,40.31610107,-78.83390045
PPM,26.24710083,-80.11109924
BNW,42.04959869,-93.84760284
JRF,21.3074,-158.070009
PPV,56.3288002,-133.6100006
BNO,43.59189987,-118.9550018
JOT,41.51779938,-88.17549896
BNL,33.25780106,-81.38829803
PQI,46.688999,-68.0448
BNG,33.92309952,-116.8509979
BNF,57.088799,-134.833146
BNA,36.12450027,-86.67819977
PQS,61.934601,-162.899994
BMX,59.36119843,-155.2590027
BMT,30.07069969,-94.21579742
PRB,35.67290115,-120.6269989
BML,44.57540131,-71.17590332
BMI,40.47710037,-88.91590118
PRC,34.654499,-112.419998
BMC,41.552399,-112.061996
JNU,58.35499954,-134.576004
PRO,41.82799911,-94.15989685
BLV,38.5452,-89.835197
BLU,39.27500153,-120.7099991
JMS,46.92969894,-98.67819977
BLM,40.18690109,-74.12490082
BLI,48.7928009,-122.538002
BLH,33.61920166,-114.7170029
PRW,45.542999,-90.279297
BLF,37.29579926,-81.20770264
PRX,33.63660049,-95.45079803
BLD,35.947498,-114.861
PRZ,44.28699875,-120.9039993
PSB,40.883506,-78.086279
BKX,44.304798,-96.816902
BKW,37.78730011,-81.12419891
PSC,46.26470184,-119.1190033
JLN,37.15179825,-94.49829865
PSF,42.4268,-73.2929
BKT,37.07419968,-77.95749664
PSG,56.80170059,-132.9450073
JLA,60.48270035,-149.7189941
JKV,31.86930084,-95.2173996
PSK,37.13729858,-80.67849731
PSM,43.07789993,-70.82330322
BKL,41.51750183,-81.6832962
PSN,31.77969933,-95.70629883
PSP,33.82970047,-116.5070038
PSQ,39.85900116,-75.29959869
PSX,28.72750092,-96.25099945
BKH,22.02280045,-159.7850037
BKG,36.532082,-93.200544
BKF,58.55479813,-155.7769928
BKE,44.83729935,-117.8089981
BKD,32.71900177,-98.89099884
BKC,65.9815979,-161.1490021
JHW,42.15340042,-79.25800323
JHM,20.96290016,-156.6730042
PTA,60.201681,-154.325863
PTB,37.18379974,-77.50740051
BJJ,40.87480164,-81.88829803
BJI,47.50939941,-94.93370056
PTC,55.803,-133.597
PTD,56.24679947,-134.647995
BJC,39.90879822,-105.1169968
BIX,30.41040039,-88.92440033
PTH,56.95909882,-158.6329956
BIS,46.77270126,-100.7460022
JFN,41.77799988,-80.69550323
PTK,42.66550064,-83.42009735
BIL,45.80770111,-108.5429993
PTN,29.70949936,-91.33899689
JFK,40.63980103,-73.77890015
JEF,38.59120178,-92.15609741
PTS,37.447777,-94.73111
PTT,37.70159912,-98.74690247
BIH,37.37310028,-118.3639984
PTU,59.01139832,-161.8200073
BIG,63.99449921,-145.7220001
BIF,31.84950066,-106.3799973
PTV,36.02959824,-119.0630035
PTW,40.239601,-75.556702
BIE,40.30130005,-96.75409698
JDN,47.3288002,-106.9530029
PUB,38.28910065,-104.4970016
BID,41.16809845,-71.57779694
PUC,39.61389923,-110.7509995
JDA,44.40420151,-118.9629974
JCY,30.25180054,-98.62249756
JCT,30.51129913,-99.7634964
ZNC,60.98070145,-159.9940033
PUL,47.73400116,-122.6470032
JCI,38.83089828,-94.89029694
JBT,60.7820015,-161.7429962
JBR,35.83169937,-90.64640045
BHM,33.56290054,-86.75350189
JAX,30.49410057,-81.68789673
ZPH,28.22820091,-82.15589905
PUW,46.7439,-117.110001
JAS,30.88570023,-94.03489685
JAN,32.31119919,-90.07589722
BHB,44.45000076,-68.3615036
PVC,42.07189941,-70.2213974
BGT,34.59590149,-113.1699982
BGR,44.80739975,-68.82810211
BGQ,61.53609848,-149.8139954
PVD,41.732601,-71.420403
PVF,38.7242012,-120.7529984
PVL,37.5617981,-82.56639862
BGM,42.20869827,-75.97979736
JAC,43.6072998,-110.737999
PVU,40.21920013,-111.7229996
PVW,34.16809845,-101.7170029
PWA,35.53419876,-97.64710236
BGE,30.9715004,-84.63739777
PWD,48.79029846,-104.5339966
BGD,35.70090103,-101.3939972
PWK,42.114222,-87.901494
PWM,43.646198,-70.309303
BFT,32.41220093,-80.63439941
PWR,56.38100052,-134.651001
PWT,47.49020004,-122.7649994
BFP,40.77249908,-80.3914032
PWY,42.79550171,-109.8069992
IYK,35.65879822,-117.8300018
BFM,30.62680054,-88.06809998
BFL,35.43360138,-119.0569992
BFK,39.7016983,-104.7519989
BFI,47.52999878,-122.302002
PXL,35.79169846,-110.4229965
IWS,29.81819916,-95.67259979
ZZV,39.94440079,-81.89209747
BFG,37.54579926,-110.7129974
BFF,41.87400055,-103.5960007
BFD,41.80310059,-78.64009857
IWD,46.52750015,-90.13140106
PYL,60.68529892,-147.9190063
PYM,41.909,-70.728798
PYS,-51.6867,-57.7785
ITO,19.72139931,-155.0480042
ITH,42.49100113,-76.45839691
ISW,44.36029816,-89.83899689
ISS,43.96139908,-69.71260071
ISQ,45.97460175,-86.17179871
ISP,40.79520035,-73.10019684
ISO,35.33140183,-77.6088028
ISN,48.17789841,-103.6419983
ISM,28.28980064,-81.43710327
QWG,35.21379852,-80.67009735
RAC,42.76060104,-87.81520081
IRS,41.81330109,-85.43900299
RAL,33.95190048,-117.4449997
IRK,40.09349823,-92.54489899
RAP,44.04529953,-103.0569992
IRC,65.830498,-144.076008
IRB,30.90570068,-101.8919983
IPT,41.2417984,-76.9210968
RBD,32.68090057,-96.86820221
RBF,34.26380157,-116.8560028
RBG,43.23880005,-123.3560028
IPL,32.83420181,-115.5790024
RBK,33.57419968,-117.1279984
RBL,40.15069962,-122.2519989
IOW,41.6391983,-91.54650116
BET,60.77980042,-161.8379974
INW,35.02190018,-110.7229996
INT,36.13370132,-80.22200012
RBW,32.92100143,-80.64060211
RBY,64.72720337,-155.4700012
RCA,44.14500046,-103.1039963
RCE,48.61230087,-123.1389999
INS,36.58720016,-115.6729965
RCK,30.63159943,-96.98970032
INL,48.56620026,-93.40309906
INK,31.77960014,-103.2009964
RCT,43.90000153,-85.51670074
BEH,42.12860107,-86.42849731
IMT,45.81840134,-88.11450195
IMM,26.43320084,-81.40100098
IML,40.50930023,-101.6210022
RDB,68.03209686,-162.8990021
RDD,40.50899887,-122.2929993
RDG,40.37850189,-75.96520233
RDM,44.2541008,-121.1500015
RDR,47.96110153,-97.40119934
RDU,35.87760162,-78.78749847
RDV,61.7881012,-157.3500061
RED,40.67739868,-77.62680054
REE,33.59030151,-102.0370026
ILN,39.42789841,-83.792099
ILM,34.27059937,-77.90260315
REO,42.57770157,-117.8850021
ILL,45.11769867,-95.13040161
ILI,59.75439835,-154.9109955
ILG,39.67869949,-75.60649872
ILE,31.08580017,-97.68650055
RFD,42.19540024,-89.09719849
RFG,28.288572,-97.318045
BED,42.47000122,-71.28900146
BEC,37.69449997,-97.21499634
RFK,32.95493,-90.84593
IKO,52.9416008,-168.848999
IKK,41.07139969,-87.84629822
IKB,36.22280121,-81.09829712
BDY,43.08649826,-124.4079971
BDX,45.47249985,-105.4540024
IJX,39.770747,-90.237964
RGR,32.45259857,-98.68280029
RHI,45.63119888,-89.46749878
IGM,35.2594986,-113.9380035
RHV,37.332901,-121.8190002
IGG,59.32400131,-155.9019928
RIC,37.50519943,-77.31970215
BDR,41.16350174,-73.12619781
RIE,45.41899872,-91.77349854
RIF,38.7364006,-112.098999
RIL,39.526299,-107.726997
IFP,35.15739822,-114.5599976
RIR,33.98970032,-117.4110031
RIV,33.880699,-117.259003
RIW,43.06420136,-108.4599991
IFA,42.47079849,-93.26999664
IDP,37.15840149,-95.77839661
IDI,40.63219833,-79.10549927
IDH,45.9426,-116.123001
BDL,41.93889999,-72.68319702
RKD,44.06010056,-69.09919739
IDG,42.3325,-95.445
RKH,34.9878006,-81.05719757
RKP,28.08679962,-97.04460144
RKR,35.02159882,-94.62129974
RKS,41.5942,-109.065001
IDA,43.514599,-112.070999
ICY,59.96900177,-141.6620026
RKW,35.92229843,-84.68969727
ICT,37.649899,-97.433098
ICS,44.49380112,-116.0159988
RLD,46.305634,-119.304184
BDG,37.58330154,-109.4830017
ICL,40.72180176,-95.02639771
RME,43.23379898,-75.40699768
BDF,41.23089981,-89.61569977
BDE,48.72840118,-94.61219788
RMG,34.3506012,-85.15799713
RMP,65.507896,-150.141007
RMY,37.51089859,-120.0400009
RNC,35.69869995,-85.84380341
RND,29.52969933,-98.27890015
RNG,-40.93981,-108.763
RNH,45.14830017,-92.5381012
IAN,66.97599792,-160.4369965
RNO,39.49909973,-119.7679977
IAH,29.9843998,-95.34140015
RNT,47.49309921,-122.2160034
IAG,43.1072998,-78.94619751
ROA,37.3255,-79.975403
ROC,43.1189003,-77.67240143
ROF,41.73040009,-122.5459976
ROG,36.37229919,-94.10690308
IAD,38.94449997,-77.45580292
IAB,37.62189865,-97.26820374
ROL,40.278301,-110.051003
HZL,40.98680115,-75.99490356
HYS,38.84220123,-99.27320099
HYR,46.02519989,-91.44429779
ROW,33.30160141,-104.5309982
ROX,48.85599899,-95.6969986
HYL,55.48160172,-132.6459961
HYG,55.20629883,-132.8280029
BCT,26.37849998,-80.10769653
BCS,29.86610031,-90.02220154
HYA,41.66930008,-70.28040314
HWO,26.0012,-80.2407
HWI,58.127441,-134.755953
BCE,37.70640183,-112.1449966
HWD,37.65919876,-122.1220016
RPX,46.475095,-108.541497
HVS,34.40309906,-80.11920166
HVR,48.54299927,-109.762001
HVN,41.26369858,-72.88680267
RRL,45.19889832,-89.71289825
RRT,48.94139862,-95.3483963
HVE,38.41799927,-110.7040024
RSH,61.77888489,-161.319458
RSJ,48.64569855,-122.8679962
RSL,38.87210083,-98.8117981
BCC,63.57331604,-156.1494541
RSN,32.51440048,-92.59169769
RST,43.90829849,-92.5
RSW,26.53619957,-81.75520325
RSX,44.99169922,-73.3635025
HUT,38.06549835,-97.86060333
HUS,66.04109955,-154.2630005
RTL,43.38750076,-95.1391983
RTN,36.74150085,-104.5019989
HUM,29.56649971,-90.66040039
HUL,46.12310028,-67.792099
HUJ,34.03480148,-95.54190063
RUI,33.46279907,-105.5350037
RUT,43.52939987,-72.94960022
HUD,42.73609924,-94.24520111
HUC,18.13809967,-65.80130005
BCB,37.20759964,-80.40779877
HUA,34.67869949,-86.68479919
HTW,38.4193,-82.494301
RVR,38.96139908,-110.2269974
RVS,36.03960037,-95.98459625
HTV,30.74690056,-95.58719635
RWF,44.54719925,-95.08229828
RWI,35.85630035,-77.89189911
RWL,41.80559921,-107.1999969
RXE,43.8339,-111.805002
BBX,40.13750076,-75.26509857
HTS,38.36669922,-82.55799866
HTO,40.95959854,-72.25180054
HTL,44.359798,-84.671095
RZZ,36.4394989,-77.70929718
BBW,41.43650055,-99.64219666
SAA,41.444901,-106.823997
HTH,38.544399,-118.634002
SAC,38.51250076,-121.4929962
SAD,32.85480118,-109.6350021
SAF,35.61709976,-106.0889969
SAN,32.73360062,-117.1900024
HSV,34.6371994,-86.77510071
HST,25.48859978,-80.38359833
SAR,38.14889908,-89.69869995
SAS,33.24140167,-115.9520035
SAT,29.53370094,-98.46980286
HSP,37.95140076,-79.83390045
SAV,32.12760162,-81.20210266
HSL,65.69789886,-156.3509979
BBD,31.17930031,-99.32389832
BBC,28.97330093,-95.8635025
SBA,34.42620087,-119.8399963
SBD,34.09540176,-117.2350006
HSI,40.6053009,-98.42790222
HSH,35.97280121,-115.1340027
HSB,37.81129837,-88.5503006
BBB,45.33190155,-95.65059662
HRO,36.26150131,-93.15470123
HRL,26.22850037,-97.65440369
SBM,43.76959991,-87.85140228
SBO,39.02909851,-111.8379974
SBP,35.23680115,-120.6419983
SBS,40.5163002,-106.8659973
SBX,48.54069901,-111.8710022
SBY,38.34049988,-75.51029968
SCB,41.61029816,-96.62989807
SCC,70.19470215,-148.4649963
SCE,40.84930038,-77.84870148
SCF,33.6228981,-111.9110031
HQM,46.97119904,-123.9369965
SCH,42.85250092,-73.92890167
BAM,40.59899902,-116.8740005
SCK,37.89419937,-121.237999
HPY,29.78610039,-94.95269775
SCM,61.84529877,-165.5709991
HPV,22.20919991,-159.4459991
HPT,42.72370148,-93.2263031
HPN,41.06700134,-73.70760345
HPB,61.52389908,-166.1470032
SDF,38.1744,-85.736
HOU,29.64539909,-95.27890015
HOT,34.47800064,-93.09619904
SDM,32.57229996,-116.9800034
SDP,55.31499863,-160.522995
BAF,42.157799,-72.715599
HOP,36.66859818,-87.49620056
HON,44.3852005,-98.22850037
HOM,59.64559937,-151.477005
SDX,34.84859848,-111.788002
SDY,47.706902,-104.193001
SEA,47.449001,-122.308998
SEE,32.82619858,-116.9720001
SEF,27.45639992,-81.3423996
SEG,40.8205986,-76.86389923
SEM,32.34389877,-86.9878006
SEP,32.21530151,-98.17769623
HOB,32.6875,-103.2170029
BAD,32.50180054,-93.66269684
BAB,39.13610077,-121.4369965
HNS,59.24380112,-135.5240021
SFB,28.77759933,-81.23750305
HNM,20.79560089,-156.0140076
SFF,47.68280029,-117.322998
HNL,21.32062,-157.924228
HNH,58.0961,-135.410111
HNC,35.23279953,-75.61779785
SFM,43.39390182,-70.70800018
SFO,37.61899948,-122.375
SFY,42.045992,-90.113931
SFZ,41.92079926,-71.49140167
HMT,33.73400116,-117.0230026
SGF,37.24570084,-93.38860321
SGH,39.84030151,-83.84020233
HMN,32.85250092,-106.1070023
AZO,42.23490143,-85.55210114
SGR,29.62229919,-95.65650177
SGT,34.599499,-91.574997
SGU,37.036389,-113.510306
SGW,56.88629913,-134.1580048
SGY,59.46009827,-135.3159943
AZA,33.30780029,-111.6549988
HLR,31.13870049,-97.71450043
SHD,38.26380157,-78.89640045
HLN,46.60680008,-111.9830017
HLM,42.79589844,-86.16200256
SHG,66.88809967,-157.1620026
SHH,66.249604,-166.089112
HLI,36.8932991,-121.4100037
HLG,40.17499924,-80.64630127
SHN,47.23360062,-123.1480026
HLC,39.37879944,-99.83149719
SHR,44.76919937,-106.9800034
HKY,35.74110031,-81.38950348
AYS,31.24909973,-82.39550018
SHV,32.446602,-93.8256
SHX,62.69229889,-159.5690002
HKS,32.33449936,-90.22219849
HKB,63.9958,-144.6926
SIK,36.89889908,-89.5617981
HKA,35.94039917,-89.83080292
SIT,57.04710007,-135.3619995
HIO,45.540401,-122.949997
AXX,36.42200089,-105.2900009
MDY,28.20170021,-177.3809967
AXV,40.49340057,-84.29889679
SIY,41.778062,-122.472736
SJC,37.362598,-121.929001
HII,34.571098,-114.358002
AXS,34.697952,-99.3385
HIF,41.12403,-111.973086
HIE,44.367637,-71.544502
HIB,47.38660049,-92.83899689
SJN,34.51860046,-109.3789978